<?xml version="1.0" encoding="UTF-8"?>
<addon id="plugin.video.home"
version="3.0.1"
name="Home"
provider-name="ayaankhan07">
<requires>
  <import addon="xbmc.python" version="3.0.1"/>

  <import addon="vfs.libarchive" version="20.3.0" />

</requires>
<extension point="xbmc.python.pluginsource" library="main.py">
  <dir>
            <info compressed="false">https://raw.githubusercontent.com/ayaankhan07/plugin.video.home/main/addon.xml</info>
            <checksum>https://raw.githubusercontent.com/ayaankhan07/plugin.video.home/main/addon.xml.md5</checksum>
            <datadir zip="true">https://raw.githubusercontent.com/homeaddon/homeaddon.github.io/main/repo/zips/</datadir>
  </dir>
  <provides>video</provides>
</extension>
<extension point="xbmc.addon.metadata">
  <summary lang="en_GB">Video Addon Scraper For A Local Website</summary>
  <description lang="en_GB">An video plugin for Kodi mediacenter.</description>
  <disclaimer lang="en_GB">Movies are provided by dmasti.pk.</disclaimer>
  <license>GPL-3.0-only</license>
  <assets>
    <icon>resources/images/icon.png</icon>
    <fanart>resources/images/fanart.jpg</fanart>
  </assets>
  <news>Updated with latest artwork metadata</news>
</extension>
</addon>
